rank,name,slug,active_installs,rating_pct,rating_5star,num_ratings,editor_support,last_updated,parent_theme,homepage,github_url,wp_url,total_known_vulns,unpatched_vulns,max_cvss,max_cvss_severity,latest_vuln_date,top_cwes,tags
1,Hello Biz,hello-biz,100000,44,2.2,6,Gutenberg-ready,2026-03-17,,https://wordpress.org/themes/hello-biz/,,https://wordpress.org/themes/hello-biz/,0,0,,,,,"Custom colors, Custom logo, Custom menu, Featured images, Flexible header, RTL language support, Style variations, Threaded comments, Translation ready"
2,Rufous,rufous,10000,46,2.3,3,Classic,2025-11-26,,https://wordpress.org/themes/rufous/,,https://wordpress.org/themes/rufous/,0,0,,,,,"Custom header, Custom logo, Custom menu, Entertainment, Featured images, Food & drink, Full width template, Grid layout, One column, Portfolio, Theme options, Threaded comments, Translation ready, Two columns"
3,Consulting,consulting,10000,60,3.0,19,Classic,2026-02-24,,https://wordpress.org/themes/consulting/,,https://wordpress.org/themes/consulting/,3,2,7.3,High,2025-12-31,CWE-22; CWE-79,"Blog, Custom background, Custom header, Custom menu, E-commerce, Featured images, Flexible header, Footer widgets, Full width template, Grid layout, Left sidebar, One column, Photography, Post formats, Right sidebar, Sticky post, Theme options, Threaded comments, Three columns, Translation ready, Two columns"
4,Teluro,teluro,4000,60,3.0,3,Classic,2025-11-25,,https://wordpress.org/themes/teluro/,,https://wordpress.org/themes/teluro/,1,0,4.3,Medium,2024-04-26,CWE-352,"Custom header, Custom logo, Custom menu, Entertainment, Featured images, Food & drink, Full width template, Grid layout, One column, Portfolio, Right sidebar, Theme options, Threaded comments, Translation ready, Two columns"
5,Kiosko,kiosko,3000,40,2.0,1,FSE,2024-09-11,,https://wordpress.org/themes/kiosko/,,https://wordpress.org/themes/kiosko/,0,0,,,,,"Block editor patterns, Block editor styles, Block themes, E-commerce, Featured images, Four columns, RTL language support, Sticky post, Template editing, Threaded comments, Translation ready, Wide blocks"
6,Newspaperex,newspaperex,3000,60,3.0,1,Gutenberg-ready,2024-04-17,newsup,https://wordpress.org/themes/newspaperex/,,https://wordpress.org/themes/newspaperex/,0,0,,,,,"Block editor styles, Blog, Custom background, Custom colors, Custom logo, Custom menu, Featured images, Flexible header, Footer widgets, Full width template, Left sidebar, News, One column, Portfolio, Post formats, RTL language support, Right sidebar, Sticky post, Theme options, Threaded comments, Three columns, Translation ready, Two columns, Wide blocks"
7,Blockskit Base,blockskit-base,2000,60,3.0,1,FSE,2025-12-09,,https://wordpress.org/themes/blockskit-base/,,https://wordpress.org/themes/blockskit-base/,0,0,,,,,"Block editor patterns, Block editor styles, Block themes, Blog, Custom colors, Custom logo, Custom menu, Editor style, Education, Featured images, One column, Portfolio, RTL language support, Threaded comments, Translation ready, Wide blocks"
8,Cube Blog,cube-blog,2000,60,3.0,2,Classic,2025-06-22,,https://wordpress.org/themes/cube-blog/,,https://wordpress.org/themes/cube-blog/,0,0,,,,,"Blog, Custom background, Custom header, Custom logo, Custom menu, Entertainment, Featured images, One column, Portfolio, Threaded comments, Translation ready, Two columns"
9,Leslie,leslie,2000,60,3.0,1,Gutenberg-compatible,2025-10-19,,https://wordpress.org/themes/leslie/,,https://wordpress.org/themes/leslie/,0,0,,,,,"Custom background, Custom header, Editor style, Left sidebar, Theme options, Three columns, Translation ready, Two columns"
10,GamerNews,gamernews,1000,30,1.5,2,Gutenberg-ready,2026-03-20,morenews,https://wordpress.org/themes/gamernews/,,https://wordpress.org/themes/gamernews/,0,0,,,,,"Block editor patterns, Block editor styles, Blog, Custom background, Custom colors, Custom header, Custom logo, Custom menu, Entertainment, Featured images, Flexible header, Footer widgets, Four columns, Full width template, Grid layout, Left sidebar, News, One column, Post formats, RTL language support, Right sidebar, Theme options, Threaded comments, Three columns, Translation ready, Two columns, Wide blocks"
11,Educational Blocks,educational-blocks,1000,30,1.5,2,FSE,2026-03-24,,https://wordpress.org/themes/educational-blocks/,,https://wordpress.org/themes/educational-blocks/,0,0,,,,,"Block editor patterns, Block editor styles, Block themes, Blog, Custom background, Custom colors, Custom header, Custom logo, Custom menu, Editor style, Education, Featured images, Footer widgets, Grid layout, Left sidebar, One column, Portfolio, RTL language support, Right sidebar, Sticky post, Style variations, Template editing, Threaded comments, Translation ready, Two columns, Wide blocks"
12,Consus,consus,1000,40,2.0,1,Classic,2025-11-26,,https://wordpress.org/themes/consus/,,https://wordpress.org/themes/consus/,1,0,,,2024-05-13,,"Custom header, Custom logo, Custom menu, Entertainment, Featured images, Food & drink, Full width template, Grid layout, One column, Portfolio, Theme options, Threaded comments, Translation ready, Two columns"
13,Shopient,shopient,1000,60,3.0,2,Gutenberg-compatible,2026-03-23,storely,https://wordpress.org/themes/shopient/,,https://wordpress.org/themes/shopient/,0,0,,,,,"Blog, Custom background, Custom colors, Custom header, Custom logo, Custom menu, E-commerce, Editor style, Featured image header, Featured images, Flexible header, Footer widgets, Full width template, Grid layout, One column, Portfolio, Right sidebar, Sticky post, Theme options, Threaded comments, Translation ready, Two columns"
14,HardNews,hardnews,1000,40,2.0,1,Gutenberg-ready,2026-02-19,covernews,https://wordpress.org/themes/hardnews/,,https://wordpress.org/themes/hardnews/,0,0,,,,,"Block editor patterns, Block editor styles, Blog, Custom background, Custom colors, Custom header, Custom logo, Custom menu, Entertainment, Featured images, Flexible header, Footer widgets, Four columns, Full width template, Grid layout, Left sidebar, News, One column, Post formats, RTL language support, Right sidebar, Theme options, Threaded comments, Three columns, Translation ready, Two columns, Wide blocks"
15,Dark Minimalistblogger,dark-minimalistblogger,1000,60,3.0,2,Classic,2026-01-31,minimalistblogger,https://wordpress.org/themes/dark-minimalistblogger/,,https://wordpress.org/themes/dark-minimalistblogger/,0,0,,,,,"Blog, Custom background, Custom colors, Custom header, Custom logo, Custom menu, Entertainment, Featured image header, Featured images, Flexible header, Footer widgets, News, One column, Post formats, Right sidebar, Sticky post, Theme options, Threaded comments, Translation ready, Two columns"
16,Draftly,draftly,1000,50,2.5,2,Classic,2026-02-01,,https://wordpress.org/themes/draftly/,,https://wordpress.org/themes/draftly/,0,0,,,,,"Blog, Custom background, Custom colors, Custom header, Custom logo, Custom menu, Entertainment, Featured image header, Featured images, Flexible header, Footer widgets, News, One column, Right sidebar, Sticky post, Theme options, Threaded comments, Translation ready, Two columns"
17,Sports Club Lite,sports-club-lite,1000,46,2.3,3,Gutenberg-compatible,2024-10-05,,https://wordpress.org/themes/sports-club-lite/,,https://wordpress.org/themes/sports-club-lite/,0,0,,,,,"Blog, Custom background, Custom colors, Custom header, Custom logo, Custom menu, Editor style, Featured images, Full width template, Right sidebar, Theme options, Threaded comments, Translation ready, Two columns"
18,Popularis,popularis,1000,26,1.3,4,Gutenberg-compatible,2025-04-25,,https://wordpress.org/themes/popularis/,,https://wordpress.org/themes/popularis/,0,0,,,,,"Blog, Custom background, Custom logo, Custom menu, E-commerce, Editor style, Featured images, Footer widgets, Full width template, One column, Right sidebar, Threaded comments, Translation ready, Two columns"
19,Balanced Blog,balanced-blog,1000,60,3.0,2,Classic,2025-09-23,,https://wordpress.org/themes/balanced-blog/,,https://wordpress.org/themes/balanced-blog/,0,0,,,,,"Blog, Custom background, Custom logo, Custom menu, Featured images, One column, Right sidebar, Threaded comments, Translation ready, Two columns"
20,Shuttle,shuttle,1000,28,1.4,9,Gutenberg-compatible,2026-03-25,,https://wordpress.org/themes/shuttle/,,https://wordpress.org/themes/shuttle/,1,1,6.5,Medium,2025-12-31,CWE-79,"Blog, Custom background, Custom header, Custom menu, E-commerce, Editor style, Featured image header, Featured images, Flexible header, Footer widgets, Full width template, Grid layout, Left sidebar, One column, Portfolio, Post formats, Right sidebar, Sticky post, Theme options, Threaded comments, Three columns, Translation ready, Two columns"
21,Master Blog,master-blog,1000,20,1.0,1,Classic,2025-09-22,,https://wordpress.org/themes/master-blog/,,https://wordpress.org/themes/master-blog/,0,0,,,,,"Blog, Custom background, Custom logo, Custom menu, Featured images, One column, Right sidebar, Threaded comments, Translation ready, Two columns"
22,Shifters Lite,shifters-lite,900,20,1.0,1,Gutenberg-compatible,2025-05-11,,https://wordpress.org/themes/shifters-lite/,,https://wordpress.org/themes/shifters-lite/,0,0,,,,,"Blog, Custom background, Custom colors, Custom header, Custom logo, Custom menu, Editor style, Featured images, Full width template, Right sidebar, Threaded comments, Two columns"
23,PostBlog,postblog,800,60,3.0,2,FSE,2026-01-05,,https://wordpress.org/themes/postblog/,,https://wordpress.org/themes/postblog/,0,0,,,,,"Block editor patterns, Block editor styles, Block themes, Blog, Custom background, Custom colors, Custom header, Custom logo, Custom menu, Editor style, Featured image header, Featured images, Flexible header, Footer widgets, Full width template, Grid layout, Left sidebar, News, One column, Portfolio, RTL language support, Right sidebar, Sticky post, Style variations, Threaded comments, Three columns, Translation ready, Two columns, Wide blocks"
24,NewsMash,newsmash,800,60,3.0,2,Classic,2026-03-25,,https://wordpress.org/themes/newsmash/,,https://wordpress.org/themes/newsmash/,3,0,6.4,Medium,2025-01-02,CWE-352; CWE-79,"Blog, Custom background, Custom header, Custom logo, Custom menu, E-commerce, Entertainment, Featured image header, Featured images, Flexible header, Footer widgets, Grid layout, Left sidebar, One column, Post formats, RTL language support, Right sidebar, Theme options, Threaded comments, Three columns, Translation ready, Two columns"
25,Gutenify Corporate,gutenify-corporate,800,20,1.0,1,FSE,2026-03-12,,https://wordpress.org/themes/gutenify-corporate/,,https://wordpress.org/themes/gutenify-corporate/,0,0,,,,,"Block editor patterns, Block themes, Custom colors, Custom logo, Custom menu, Editor style, Featured images, One column, RTL language support, Sticky post, Threaded comments"
26,Palm Beach,palm-beach,800,60,3.0,2,Gutenberg-compatible,2025-12-18,,https://wordpress.org/themes/palm-beach/,,https://wordpress.org/themes/palm-beach/,0,0,,,,,"Blog, Custom background, Custom header, Custom logo, Custom menu, Editor style, Featured image header, Featured images, Flexible header, Full width template, Grid layout, Left sidebar, News, One column, RTL language support, Right sidebar, Theme options, Threaded comments, Three columns, Translation ready, Two columns"
27,Plover,plover,700,60,3.0,2,FSE,2026-03-22,,https://wordpress.org/themes/plover/,,https://wordpress.org/themes/plover/,0,0,,,,,"Block editor patterns, Block editor styles, Block themes, Blog, BuddyPress, Custom background, Custom colors, Custom header, Custom logo, Custom menu, Editor style, Featured image header, Featured images, Flexible header, Footer widgets, Full width template, Grid layout, Left sidebar, News, One column, Portfolio, RTL language support, Right sidebar, Sticky post, Style variations, Threaded comments, Three columns, Translation ready, Two columns, Wide blocks"
28,InteriorPress,interiorpress,700,60,3.0,2,Gutenberg-compatible,2026-02-28,arilewp,https://wordpress.org/themes/interiorpress/,,https://wordpress.org/themes/interiorpress/,0,0,,,,,"Blog, Custom background, Custom header, Custom logo, Custom menu, E-commerce, Editor style, Featured images, Flexible header, Footer widgets, Full width template, One column, Portfolio, Post formats, RTL language support, Right sidebar, Theme options, Threaded comments, Translation ready, Two columns"
29,Magcess,magcess,700,20,1.0,1,Classic,2024-07-17,newsphere,https://wordpress.org/themes/magcess/,,https://wordpress.org/themes/magcess/,0,0,,,,,"Blog, Custom background, Custom header, Custom menu, Entertainment, Featured images, Full width template, Left sidebar, News, One column, Right sidebar, Theme options, Threaded comments, Translation ready, Two columns"
30,Madd Magazine,madd-magazine,700,60,3.0,6,Classic,2024-05-14,,https://wordpress.org/themes/madd-magazine/,,https://wordpress.org/themes/madd-magazine/,0,0,,,,,"Blog, Custom background, Custom colors, Custom logo, Custom menu, Featured images, Footer widgets, Left sidebar, News, Right sidebar, Theme options, Three columns"
31,Krystal Lawyer,krystal-lawyer,600,60,3.0,2,Classic,2025-01-24,krystal,https://wordpress.org/themes/krystal-lawyer/,,https://wordpress.org/themes/krystal-lawyer/,0,0,,,,,"Blog, Custom colors, Custom logo, Custom menu, Featured images, Flexible header, Full width template, Left sidebar, One column, Right sidebar, Sticky post, Theme options, Threaded comments, Translation ready"
32,Sento,sento,600,58,2.9,11,Classic,2026-02-24,,https://wordpress.org/themes/sento/,,https://wordpress.org/themes/sento/,0,0,,,,,"Blog, Custom background, Custom header, Custom logo, Custom menu, E-commerce, Featured image header, Featured images, Flexible header, Footer widgets, Four columns, Full width template, Grid layout, Left sidebar, One column, Photography, Post formats, RTL language support, Right sidebar, Sticky post, Theme options, Threaded comments, Three columns, Translation ready, Two columns"
33,Joyas Shop,joyas-shop,500,60,3.0,2,Classic,2026-01-27,,https://wordpress.org/themes/joyas-shop/,,https://wordpress.org/themes/joyas-shop/,0,0,,,,,"Blog, Custom background, Custom header, Custom logo, Custom menu, E-commerce, Featured image header, Featured images, Flexible header, Footer widgets, Full width template, Left sidebar, One column, Post formats, RTL language support, Right sidebar, Sticky post, Theme options, Threaded comments, Translation ready, Two columns"
34,HoneyBee,honeybee,500,50,2.5,2,Classic,2025-07-05,honeypress,https://wordpress.org/themes/honeybee/,,https://wordpress.org/themes/honeybee/,0,0,,,,,"Blog, Custom colors, Custom logo, Custom menu, Featured images, Footer widgets, One column, RTL language support, Right sidebar, Sticky post, Threaded comments, Translation ready, Two columns"
35,Cocktail,cocktail,500,50,2.5,2,Gutenberg-compatible,2025-06-03,,https://wordpress.org/themes/cocktail/,,https://wordpress.org/themes/cocktail/,0,0,,,,,"Blog, Custom background, Custom header, Custom logo, Custom menu, Editor style, Education, Featured images, Flexible header, News, Post formats, Right sidebar, Sticky post, Theme options, Threaded comments, Translation ready"
36,X Blog,x-blog,500,50,2.5,2,Gutenberg-compatible,2025-12-20,,https://wordpress.org/themes/x-blog/,,https://wordpress.org/themes/x-blog/,0,0,,,,,"Blog, Custom header, Custom menu, Editor style, Featured images, Flexible header, Full width template, Microformats, Post formats, RTL language support, Right sidebar, Sticky post, Two columns"
37,SKT Hotel Lite,skt-hotel-lite,500,46,2.3,3,Gutenberg-compatible,2026-03-05,,https://wordpress.org/themes/skt-hotel-lite/,,https://wordpress.org/themes/skt-hotel-lite/,0,0,,,,,"Blog, Custom background, Custom colors, Custom header, Custom logo, Custom menu, E-commerce, Editor style, Featured images, Footer widgets, Full width template, Portfolio, RTL language support, Right sidebar, Sticky post, Theme options, Threaded comments, Translation ready, Two columns"
38,Medical,medical,500,50,2.5,2,Gutenberg-compatible,2025-03-31,,https://wordpress.org/themes/medical/,,https://wordpress.org/themes/medical/,0,0,,,,,"Blog, Custom background, Custom header, Custom menu, Editor style, Featured images, Footer widgets, Microformats, One column, Post formats, Right sidebar, Sticky post, Translation ready, Two columns"
39,Creative Blogger,creative-blogger,400,60,3.0,2,Gutenberg-ready,2026-03-05,,https://wordpress.org/themes/creative-blogger/,,https://wordpress.org/themes/creative-blogger/,0,0,,,,,"Blog, Custom background, Custom colors, Custom header, Custom logo, Custom menu, Editor style, Featured images, Flexible header, Food & drink, Footer widgets, Four columns, Full width template, Grid layout, Left sidebar, News, One column, Post formats, RTL language support, Right sidebar, Sticky post, Theme options, Threaded comments, Three columns, Translation ready, Two columns, Wide blocks"
40,Jaida,jaida,400,20,1.0,1,FSE,2024-08-01,,https://wordpress.org/themes/jaida/,,https://wordpress.org/themes/jaida/,0,0,,,,,"Block editor patterns, Block themes, Blog, Custom colors, Custom header, Custom menu, Editor style, Featured image header, Featured images, Grid layout, News, Photography, RTL language support, Right sidebar, Template editing, Theme options, Threaded comments, Translation ready, Two columns, Wide blocks"
41,Bosa AI Robotics,bosa-ai-robotics,400,20,1.0,1,Gutenberg-ready,2024-07-09,bosa,https://wordpress.org/themes/bosa-ai-robotics/,,https://wordpress.org/themes/bosa-ai-robotics/,0,0,,,,,"Block editor styles, Blog, Custom background, Custom colors, Custom logo, Custom menu, Featured images, Flexible header, Footer widgets, Full width template, Left sidebar, News, One column, Portfolio, Post formats, RTL language support, Right sidebar, Sticky post, Theme options, Threaded comments, Three columns, Translation ready, Two columns, Wide blocks"
42,Corporate Blocks,corporate-blocks,400,20,1.0,1,FSE,2026-03-22,,https://wordpress.org/themes/corporate-blocks/,,https://wordpress.org/themes/corporate-blocks/,0,0,,,,,"Block editor patterns, Block editor styles, Block themes, Blog, Custom background, Custom colors, Custom header, Custom logo, Custom menu, Editor style, Featured images, Footer widgets, Four columns, Full width template, Grid layout, Left sidebar, News, One column, Portfolio, Right sidebar, Sticky post, Style variations, Template editing, Threaded comments, Three columns, Translation ready, Two columns, Wide blocks"
43,Green Farm Elementor,green-farm-elementor,400,60,3.0,2,Gutenberg-ready,2026-03-27,,https://wordpress.org/themes/green-farm-elementor/,,https://wordpress.org/themes/green-farm-elementor/,0,0,,,,,"Blog, Custom background, Custom colors, Custom header, Custom logo, Custom menu, Editor style, Education, Featured images, Flexible header, Food & drink, Footer widgets, Four columns, Full width template, Grid layout, Left sidebar, One column, RTL language support, Right sidebar, Sticky post, Theme options, Threaded comments, Three columns, Translation ready, Two columns, Wide blocks"
44,Storezia,storezia,400,60,3.0,1,Gutenberg-compatible,2026-03-23,storely,https://wordpress.org/themes/storezia/,,https://wordpress.org/themes/storezia/,0,0,,,,,"Blog, Custom background, Custom colors, Custom header, Custom logo, Custom menu, E-commerce, Editor style, Featured image header, Featured images, Flexible header, Footer widgets, Full width template, Grid layout, One column, Portfolio, Right sidebar, Sticky post, Theme options, Threaded comments, Translation ready, Two columns"
45,Spiko,spiko,400,20,1.0,2,Gutenberg-compatible,2025-10-09,,https://wordpress.org/themes/spiko/,,https://wordpress.org/themes/spiko/,2,0,,,2022-02-14,,"Custom logo, Custom menu, Editor style, Featured images, Footer widgets, One column, RTL language support, Right sidebar, Sticky post, Threaded comments, Translation ready, Two columns"
46,Blossom Wedding,blossom-wedding,400,60,3.0,1,Classic,2026-01-21,,https://wordpress.org/themes/blossom-wedding/,,https://wordpress.org/themes/blossom-wedding/,0,0,,,,,"Blog, Custom background, Custom header, Custom logo, Custom menu, E-commerce, Featured images, Footer widgets, Full width template, Left sidebar, One column, RTL language support, Right sidebar, Theme options, Threaded comments, Translation ready, Two columns"
47,Punte,punte,400,60,3.0,6,Gutenberg-compatible,2025-06-11,,https://wordpress.org/themes/punte/,,https://wordpress.org/themes/punte/,6,2,8.8,High,2022-04-18,CWE-285; CWE-352; CWE-434; CWE-912,"Custom colors, Custom header, Custom logo, Custom menu, Editor style, Featured images, Flexible header, Footer widgets, One column, Post formats, Right sidebar, Sticky post, Theme options, Threaded comments, Translation ready, Two columns"
48,SKT Filmmaker,skt-filmmaker,400,40,2.0,4,Gutenberg-compatible,2026-03-04,,https://wordpress.org/themes/skt-filmmaker/,,https://wordpress.org/themes/skt-filmmaker/,0,0,,,,,"Blog, Custom background, Custom colors, Custom header, Custom logo, Custom menu, Editor style, Featured images, Footer widgets, Full width template, Photography, Portfolio, RTL language support, Right sidebar, Sticky post, Theme options, Threaded comments, Two columns"
49,Econature Lite,econature-lite,400,60,3.0,4,Classic,2024-09-26,,https://wordpress.org/themes/econature-lite/,,https://wordpress.org/themes/econature-lite/,0,0,,,,,"Blog, Custom background, Custom header, Custom logo, Custom menu, E-commerce, Featured images, Full width template, Right sidebar, Theme options, Threaded comments"
50,Popularis Hub,popularis-hub,400,50,2.5,2,Gutenberg-compatible,2025-04-25,popularis,https://wordpress.org/themes/popularis-hub/,,https://wordpress.org/themes/popularis-hub/,0,0,,,,,"Blog, Custom background, Custom logo, Custom menu, E-commerce, Editor style, Featured images, Footer widgets, Full width template, One column, Right sidebar, Threaded comments, Translation ready, Two columns"
51,Healing Touch,healing-touch,400,46,2.3,3,Classic,2026-03-05,,https://wordpress.org/themes/healing-touch/,,https://wordpress.org/themes/healing-touch/,0,0,,,,,"Custom background, Custom colors, Custom header, Custom menu, Featured images, Full width template, Right sidebar, Sticky post, Theme options, Threaded comments, Translation ready, Two columns"
52,iShop,ishop,400,60,3.0,2,FSE,2025-06-30,,https://wordpress.org/themes/ishop/,,https://wordpress.org/themes/ishop/,0,0,,,,,"Block editor patterns, Block editor styles, Block themes, E-commerce, Editor style"
53,Ryan,ryan,400,60,3.0,2,Gutenberg-compatible,2026-02-24,,https://wordpress.org/themes/ryan/,,https://wordpress.org/themes/ryan/,0,0,,,,,"Blog, Custom background, Custom header, Custom menu, E-commerce, Editor style, Featured image header, Featured images, Flexible header, Footer widgets, Full width template, Grid layout, Left sidebar, One column, Portfolio, Post formats, Right sidebar, Sticky post, Theme options, Threaded comments, Three columns, Translation ready, Two columns"
54,VW Hosting Services,vw-hosting-services,300,60,3.0,4,Gutenberg-ready,2026-03-24,,https://wordpress.org/themes/vw-hosting-services/,,https://wordpress.org/themes/vw-hosting-services/,0,0,,,,,"Block editor patterns, Block editor styles, Custom background, Custom colors, Custom header, Custom logo, Custom menu, E-commerce, Editor style, Education, Featured images, Flexible header, Footer widgets, Four columns, Full width template, Grid layout, Left sidebar, One column, Portfolio, Post formats, RTL language support, Right sidebar, Sticky post, Theme options, Threaded comments, Three columns, Translation ready, Two columns, Wide blocks"
55,BlogNet,blognet,300,20,1.0,1,Gutenberg-ready,2024-05-29,blogarise,https://wordpress.org/themes/blognet/,,https://wordpress.org/themes/blognet/,0,0,,,,,"Block editor styles, Blog, Custom background, Custom colors, Custom logo, Custom menu, Featured images, Flexible header, Footer widgets, Full width template, Left sidebar, News, One column, Portfolio, Post formats, RTL language support, Right sidebar, Sticky post, Theme options, Threaded comments, Three columns, Translation ready, Two columns, Wide blocks"
56,Gutenify Business Dark,gutenify-business-dark,300,60,3.0,2,FSE,2026-03-12,,https://wordpress.org/themes/gutenify-business-dark/,,https://wordpress.org/themes/gutenify-business-dark/,0,0,,,,,"Block editor patterns, Block themes, Custom colors, Custom logo, Custom menu, Editor style, Featured images, One column, RTL language support, Sticky post, Threaded comments"
57,Blockline,blockline,300,40,2.0,1,FSE,2024-09-11,,https://wordpress.org/themes/blockline/,,https://wordpress.org/themes/blockline/,0,0,,,,,"Block editor patterns, Block themes, Custom colors, Custom logo, Custom menu, Editor style, Featured images, One column, RTL language support, Theme options, Threaded comments, Translation ready, Wide blocks"
58,Petite Stories,petite-stories,300,60,3.0,1,Classic,2026-01-30,,https://wordpress.org/themes/petite-stories/,,https://wordpress.org/themes/petite-stories/,0,0,,,,,"Blog, BuddyPress, Custom background, Custom colors, Custom header, Custom logo, Custom menu, E-commerce, Featured image header, Featured images, Flexible header, Footer widgets, Full width template, News, One column, Right sidebar, Sticky post, Theme options, Threaded comments, Three columns, Translation ready, Two columns"
59,Travel Diary,travel-diary,300,60,3.0,1,Classic,2025-12-31,blossom-pin,https://wordpress.org/themes/travel-diary/,,https://wordpress.org/themes/travel-diary/,0,0,,,,,"Blog, Custom background, Custom header, Custom logo, Custom menu, E-commerce, Featured images, Footer widgets, Full width template, Left sidebar, One column, Photography, RTL language support, Right sidebar, Theme options, Threaded comments, Translation ready, Two columns"
60,Cosmobit,cosmobit,300,60,3.0,2,Gutenberg-compatible,2026-03-27,,https://wordpress.org/themes/cosmobit/,,https://wordpress.org/themes/cosmobit/,0,0,,,,,"Blog, Custom background, Custom header, Custom logo, Custom menu, E-commerce, Editor style, Featured images, Flexible header, Footer widgets, Full width template, One column, Portfolio, Post formats, Right sidebar, Theme options, Threaded comments, Translation ready, Two columns"
61,Fresno,fresno,300,40,2.0,1,Gutenberg-compatible,2026-02-28,arilewp,https://wordpress.org/themes/fresno/,,https://wordpress.org/themes/fresno/,0,0,,,,,"Blog, Custom background, Custom header, Custom logo, Custom menu, E-commerce, Editor style, Featured images, Flexible header, Footer widgets, Full width template, One column, Portfolio, Post formats, RTL language support, Right sidebar, Theme options, Threaded comments, Translation ready, Two columns"
62,EasyConsulting,easyconsulting,300,20,1.0,1,Gutenberg-compatible,2024-05-21,,https://wordpress.org/themes/easyconsulting/,,https://wordpress.org/themes/easyconsulting/,0,0,,,,,"Custom background, Custom colors, Custom header, Custom logo, Custom menu, Editor style, Featured images, Footer widgets, Full width template, Left sidebar, Right sidebar, Theme options, Threaded comments, Three columns, Translation ready, Two columns"
63,Real Estate Salient,real-estate-salient,300,52,2.6,5,Classic,2025-10-16,,https://wordpress.org/themes/real-estate-salient/,,https://wordpress.org/themes/real-estate-salient/,0,0,,,,,"Blog, Custom background, Custom logo, Custom menu, E-commerce, Featured images, Footer widgets, Right sidebar, Theme options, Threaded comments"
64,Makenzie Lite,makenzie-lite,300,60,3.0,2,Classic,2026-02-02,,https://wordpress.org/themes/makenzie-lite/,,https://wordpress.org/themes/makenzie-lite/,0,0,,,,,"Blog, Custom background, Custom colors, Custom header, Custom logo, Custom menu, E-commerce, Featured images, Footer widgets, Grid layout, Left sidebar, News, One column, Right sidebar, Theme options, Translation ready, Two columns"
65,Memory,memory,300,60,3.0,1,Gutenberg-ready,2024-05-20,,https://wordpress.org/themes/memory/,,https://wordpress.org/themes/memory/,0,0,,,,,"Block editor styles, Blog, Custom background, Custom colors, Custom logo, Custom menu, Editor style, Featured images, Food & drink, Footer widgets, Grid layout, Left sidebar, One column, Photography, Post formats, RTL language support, Right sidebar, Sticky post, Theme options, Threaded comments, Three columns, Two columns, Wide blocks"
66,Social Care Lite,social-care-lite,300,60,3.0,3,Gutenberg-compatible,2024-10-05,,https://wordpress.org/themes/social-care-lite/,,https://wordpress.org/themes/social-care-lite/,0,0,,,,,"Blog, Custom background, Custom colors, Custom header, Custom logo, Custom menu, Editor style, Featured images, Full width template, Right sidebar, Theme options, Threaded comments, Translation ready, Two columns"
67,Creativ Singer,creativ-singer,300,20,1.0,1,Gutenberg-compatible,2026-03-18,,https://wordpress.org/themes/creativ-singer/,,https://wordpress.org/themes/creativ-singer/,0,0,,,,,"Blog, Custom background, Custom colors, Custom header, Custom logo, Custom menu, Editor style, Entertainment, Featured images, Footer widgets, Full width template, Left sidebar, Portfolio, Right sidebar, Theme options, Threaded comments, Translation ready, Two columns"
68,Elegant Pin,elegant-pin,300,60,3.0,1,Classic,2025-11-18,elegant-pink,https://wordpress.org/themes/elegant-pin/,,https://wordpress.org/themes/elegant-pin/,0,0,,,,,"Blog, Custom background, Custom menu, Featured image header, Featured images, Footer widgets, Full width template, News, Post formats, Right sidebar, Theme options, Threaded comments, Translation ready, Two columns"
69,SKT Handyman,skt-handyman,300,20,1.0,2,Gutenberg-compatible,2026-03-05,,https://wordpress.org/themes/skt-handyman/,,https://wordpress.org/themes/skt-handyman/,0,0,,,,,"Blog, Custom background, Custom colors, Custom header, Custom logo, Custom menu, Editor style, Education, Featured images, Footer widgets, Full width template, Portfolio, RTL language support, Right sidebar, Sticky post, Theme options, Threaded comments, Two columns"
70,Adventure Travelling,adventure-travelling,300,60,3.0,2,Gutenberg-ready,2026-03-05,,https://wordpress.org/themes/adventure-travelling/,,https://wordpress.org/themes/adventure-travelling/,0,0,,,,,"Block editor styles, Blog, Custom background, Custom colors, Custom header, Custom logo, Custom menu, Editor style, Featured image header, Featured images, Flexible header, Footer widgets, Four columns, Full width template, Grid layout, Left sidebar, News, One column, Portfolio, Post formats, RTL language support, Right sidebar, Sticky post, Theme options, Threaded comments, Three columns, Translation ready, Two columns, Wide blocks"
71,Classy Lite,classy-lite,300,60,3.0,1,Gutenberg-compatible,2024-10-07,,https://wordpress.org/themes/classy-lite/,,https://wordpress.org/themes/classy-lite/,0,0,,,,,"Blog, Custom background, Custom colors, Custom header, Custom logo, Custom menu, Editor style, Featured images, Full width template, Right sidebar, Theme options, Threaded comments, Translation ready, Two columns"
72,Clean Gallery,clean-gallery,300,54,2.7,3,Gutenberg-compatible,2025-12-06,,https://wordpress.org/themes/clean-gallery/,,https://wordpress.org/themes/clean-gallery/,0,0,,,,,"Blog, Custom background, Custom colors, Custom header, Custom logo, Custom menu, Editor style, Featured images, Flexible header, Footer widgets, Full width template, Grid layout, Photography, Portfolio, Right sidebar, Theme options, Threaded comments, Translation ready, Two columns"
73,Claremont,claremont,300,20,1.0,1,Gutenberg-compatible,2025-04-29,,https://wordpress.org/themes/claremont/,,https://wordpress.org/themes/claremont/,0,0,,,,,"Blog, Custom background, Custom colors, Custom header, Custom logo, Custom menu, Editor style, Featured images, Footer widgets, Full width template, Left sidebar, One column, Right sidebar, Sticky post, Theme options, Threaded comments, Translation ready, Two columns"
74,Politics,politics,300,50,2.5,2,Classic,2024-10-22,,https://wordpress.org/themes/politics/,,https://wordpress.org/themes/politics/,0,0,,,,,"Custom colors, Custom menu, Featured images, Full width template, Right sidebar, Sticky post, Theme options, Threaded comments, Translation ready"
75,Ogma Blogster,ogma-blogster,200,20,1.0,1,Gutenberg-ready,2026-03-05,ogma-blog,https://wordpress.org/themes/ogma-blogster/,,https://wordpress.org/themes/ogma-blogster/,0,0,,,,,"Block editor styles, Blog, Custom background, Custom colors, Custom logo, Custom menu, Featured images, Flexible header, Footer widgets, Full width template, Left sidebar, News, One column, Portfolio, Post formats, RTL language support, Right sidebar, Sticky post, Theme options, Threaded comments, Three columns, Translation ready, Two columns, Wide blocks"
76,Graceful Aura Blog,graceful-aura-blog,200,40,2.0,1,Classic,2025-05-10,graceful,https://wordpress.org/themes/graceful-aura-blog/,,https://wordpress.org/themes/graceful-aura-blog/,0,0,,,,,"Blog, Custom background, Custom colors, Custom header, Custom logo, Custom menu, E-commerce, Featured images, Footer widgets, Left sidebar, One column, RTL language support, Right sidebar, Sticky post, Theme options, Threaded comments, Three columns, Translation ready, Two columns"
77,Construction Architect,construction-architect,200,20,1.0,1,FSE,2026-03-25,,https://wordpress.org/themes/construction-architect/,,https://wordpress.org/themes/construction-architect/,0,0,,,,,"Block editor patterns, Block editor styles, Block themes, Custom background, Custom colors, Custom header, Custom logo, Custom menu, Editor style, Education, Featured image header, Featured images, Flexible header, Footer widgets, Four columns, Full width template, Grid layout, Left sidebar, One column, Photography, Portfolio, Post formats, RTL language support, Right sidebar, Sticky post, Style variations, Template editing, Theme options, Threaded comments, Three columns, Translation ready, Two columns, Wide blocks"
78,RT Education School,rt-education-school,200,20,1.0,1,FSE,2026-03-15,,https://wordpress.org/themes/rt-education-school/,,https://wordpress.org/themes/rt-education-school/,0,0,,,,,"Block editor patterns, Block editor styles, Block themes, Blog, Custom background, Custom colors, Custom header, Custom logo, Custom menu, Editor style, Education, Featured images, Full width template, Grid layout, Left sidebar, One column, Portfolio, RTL language support, Right sidebar, Sticky post, Template editing, Threaded comments, Translation ready, Two columns, Wide blocks"
79,Home Services Blocks,home-services-blocks,200,20,1.0,1,FSE,2026-03-23,,https://wordpress.org/themes/home-services-blocks/,,https://wordpress.org/themes/home-services-blocks/,0,0,,,,,"Block editor patterns, Block editor styles, Block themes, Blog, Custom background, Custom colors, Custom header, Custom logo, Custom menu, E-commerce, Editor style, Featured images, Footer widgets, Grid layout, Left sidebar, One column, Portfolio, RTL language support, Right sidebar, Sticky post, Style variations, Template editing, Threaded comments, Translation ready, Two columns, Wide blocks"
80,Alexia,alexia,200,20,1.0,1,Gutenberg-compatible,2026-03-23,flixita,https://wordpress.org/themes/alexia/,,https://wordpress.org/themes/alexia/,0,0,,,,,"Blog, Custom background, Custom header, Custom logo, Custom menu, E-commerce, Editor style, Featured images, Flexible header, Footer widgets, Full width template, One column, Portfolio, Post formats, RTL language support, Right sidebar, Theme options, Threaded comments, Translation ready, Two columns"
81,Gutenify Medical,gutenify-medical,200,20,1.0,1,FSE,2026-03-12,,https://wordpress.org/themes/gutenify-medical/,,https://wordpress.org/themes/gutenify-medical/,0,0,,,,,"Block editor patterns, Block themes, Custom colors, Custom logo, Custom menu, Editor style, Featured images, One column, RTL language support, Sticky post, Threaded comments"
82,Cyber Security Services,cyber-security-services,200,20,1.0,1,Gutenberg-ready,2026-02-09,,https://wordpress.org/themes/cyber-security-services/,,https://wordpress.org/themes/cyber-security-services/,0,0,,,,,"Block editor styles, Blog, Custom background, Custom colors, Custom header, Custom logo, Custom menu, Editor style, Featured image header, Featured images, Flexible header, Footer widgets, Four columns, Full width template, Grid layout, Left sidebar, One column, Photography, Portfolio, Post formats, RTL language support, Right sidebar, Sticky post, Theme options, Threaded comments, Three columns, Translation ready, Two columns, Wide blocks"
83,VW Bakery Blocks,vw-bakery-blocks,200,60,3.0,2,FSE,2026-03-12,,https://wordpress.org/themes/vw-bakery-blocks/,,https://wordpress.org/themes/vw-bakery-blocks/,0,0,,,,,"Block editor patterns, Block editor styles, Block themes, Blog, Custom colors, Custom logo, Custom menu, E-commerce, Editor style, Featured images, Food & drink, Footer widgets, Four columns, Grid layout, Left sidebar, One column, Right sidebar, Sticky post, Style variations, Template editing, Threaded comments, Three columns, Translation ready, Two columns, Wide blocks"
84,Author Writer,author-writer,200,54,2.7,3,Gutenberg-ready,2026-03-16,,https://wordpress.org/themes/author-writer/,,https://wordpress.org/themes/author-writer/,0,0,,,,,"Block editor styles, Custom background, Custom colors, Custom header, Custom logo, Custom menu, E-commerce, Editor style, Education, Featured image header, Featured images, Flexible header, Footer widgets, Four columns, Full width template, Grid layout, Left sidebar, News, One column, Post formats, RTL language support, Right sidebar, Sticky post, Theme options, Threaded comments, Three columns, Translation ready, Two columns, Wide blocks"
85,Dog Breeder,dog-breeder,200,48,2.4,5,Gutenberg-ready,2026-01-30,pet-care-zone,https://wordpress.org/themes/dog-breeder/,,https://wordpress.org/themes/dog-breeder/,0,0,,,,,"Block editor styles, Blog, Custom background, Custom colors, Custom header, Custom logo, Custom menu, E-commerce, Editor style, Education, Featured images, Flexible header, Footer widgets, Four columns, Full width template, Grid layout, Left sidebar, One column, RTL language support, Right sidebar, Sticky post, Theme options, Threaded comments, Three columns, Translation ready, Two columns, Wide blocks"
86,GridHub,gridhub,200,60,3.0,2,Gutenberg-compatible,2025-12-22,,https://wordpress.org/themes/gridhub/,,https://wordpress.org/themes/gridhub/,0,0,,,,,"Blog, Custom background, Custom colors, Custom header, Custom logo, Custom menu, Editor style, Featured images, Flexible header, Footer widgets, Full width template, Grid layout, One column, Photography, Portfolio, RTL language support, Right sidebar, Theme options, Threaded comments, Translation ready, Two columns"
87,Digital Books,digital-books,200,20,1.0,2,Gutenberg-ready,2026-03-10,,https://wordpress.org/themes/digital-books/,,https://wordpress.org/themes/digital-books/,0,0,,,,,"Block editor styles, Blog, Custom background, Custom colors, Custom header, Custom logo, Custom menu, E-commerce, Editor style, Education, Featured images, Flexible header, Footer widgets, Four columns, Full width template, Grid layout, Left sidebar, One column, RTL language support, Right sidebar, Sticky post, Theme options, Threaded comments, Three columns, Translation ready, Two columns, Wide blocks"
88,Envira,envira,200,20,1.0,1,Gutenberg-compatible,2026-03-25,startkit,https://wordpress.org/themes/envira/,,https://wordpress.org/themes/envira/,0,0,,,,,"Blog, Custom background, Custom colors, Custom header, Custom logo, Custom menu, Editor style, Flexible header, Footer widgets, Full width template, Grid layout, Left sidebar, One column, Portfolio, Right sidebar, Sticky post, Theme options, Threaded comments, Translation ready, Two columns"
89,OMG Blog,omg-blog,200,20,1.0,1,Classic,2024-04-18,bizberg,https://wordpress.org/themes/omg-blog/,,https://wordpress.org/themes/omg-blog/,0,0,,,,,"Blog, Custom logo, Custom menu, Featured images, Grid layout, Left sidebar, News, Portfolio, Right sidebar, Theme options, Threaded comments, Translation ready"
90,Fashion Estore,fashion-estore,200,20,1.0,1,Gutenberg-ready,2026-03-10,,https://wordpress.org/themes/fashion-estore/,,https://wordpress.org/themes/fashion-estore/,0,0,,,,,"Block editor styles, Blog, Custom background, Custom colors, Custom header, Custom logo, Custom menu, E-commerce, Editor style, Featured images, Flexible header, Food & drink, Footer widgets, Four columns, Full width template, Grid layout, Left sidebar, One column, Post formats, RTL language support, Right sidebar, Sticky post, Theme options, Threaded comments, Three columns, Translation ready, Two columns, Wide blocks"
91,Music Club Lite,music-club-lite,200,50,2.5,2,Gutenberg-compatible,2024-08-30,,https://wordpress.org/themes/music-club-lite/,,https://wordpress.org/themes/music-club-lite/,0,0,,,,,"Blog, Custom background, Custom colors, Custom header, Custom logo, Custom menu, Editor style, Featured images, Full width template, Right sidebar, Theme options, Threaded comments, Translation ready, Two columns"
92,Massage Clean,massage-clean,200,60,3.0,2,Classic,2024-10-03,,https://wordpress.org/themes/massage-clean/,,https://wordpress.org/themes/massage-clean/,0,0,,,,,"Blog, Custom background, Custom header, Custom logo, Custom menu, E-commerce, Featured images, Full width template, Right sidebar, Theme options, Threaded comments"
93,Loud Music,loud-music,200,40,2.0,1,Gutenberg-compatible,2026-03-18,,https://wordpress.org/themes/loud-music/,,https://wordpress.org/themes/loud-music/,0,0,,,,,"Blog, Custom background, Custom colors, Custom header, Custom logo, Custom menu, Editor style, Entertainment, Featured images, Footer widgets, Full width template, Left sidebar, Portfolio, Right sidebar, Theme options, Threaded comments, Translation ready, Two columns"
94,Travel Joy,travel-joy,200,60,3.0,1,Classic,2025-06-24,,https://wordpress.org/themes/travel-joy/,,https://wordpress.org/themes/travel-joy/,0,0,,,,,"Blog, Custom background, Custom colors, Custom header, Custom logo, Custom menu, Entertainment, Featured images, One column, Photography, Right sidebar, Theme options, Threaded comments, Translation ready, Two columns"
95,AssociationX,associationx,200,20,1.0,2,Classic,2024-11-28,,https://wordpress.org/themes/associationx/,,https://wordpress.org/themes/associationx/,0,0,,,,,"BuddyPress, Custom logo, Custom menu, E-commerce, Education, Entertainment, Featured images, Footer widgets, Full width template, Left sidebar, RTL language support, Right sidebar, Sticky post, Theme options, Threaded comments, Translation ready, Two columns"
96,My Dog Lite,my-dog-lite,200,20,1.0,1,Classic,2026-03-05,,https://wordpress.org/themes/my-dog-lite/,,https://wordpress.org/themes/my-dog-lite/,0,0,,,,,"Custom background, Custom colors, Custom menu, Right sidebar, Sticky post, Theme options, Threaded comments, Two columns"
97,HotWP,hotwp,200,60,3.0,2,Gutenberg-compatible,2025-07-02,,https://wordpress.org/themes/hotwp/,,https://wordpress.org/themes/hotwp/,0,0,,,,,"Blog, Custom background, Custom colors, Custom header, Custom logo, Custom menu, Editor style, Featured images, Flexible header, Footer widgets, Full width template, Left sidebar, News, Right sidebar, Theme options, Threaded comments, Three columns, Translation ready"
98,Equable Lite,equable-lite,200,40,2.0,1,Classic,2024-09-26,,https://wordpress.org/themes/equable-lite/,,https://wordpress.org/themes/equable-lite/,0,0,,,,,"Blog, Custom background, Custom colors, Custom logo, Custom menu, Featured images, RTL language support, Right sidebar, Sticky post, Threaded comments, Translation ready, Two columns"
99,Singlepage Builder,singlepage-builder,200,40,2.0,1,Classic,2025-11-26,oneline-lite,https://wordpress.org/themes/singlepage-builder/,,https://wordpress.org/themes/singlepage-builder/,0,0,,,,,"Blog, Custom colors, Custom menu, Footer widgets, Grid layout, One column, Right sidebar, Sticky post, Theme options, Translation ready, Two columns"
100,VW Hair Salon,vw-hair-salon,200,60,3.0,1,Gutenberg-ready,2026-03-14,,https://wordpress.org/themes/vw-hair-salon/,,https://wordpress.org/themes/vw-hair-salon/,0,0,,,,,"Block editor patterns, Block editor styles, Blog, Custom background, Custom colors, Custom header, Custom logo, Custom menu, E-commerce, Editor style, Featured images, Flexible header, Footer widgets, Four columns, Full width template, Grid layout, Left sidebar, One column, Portfolio, Post formats, RTL language support, Right sidebar, Sticky post, Theme options, Threaded comments, Three columns, Translation ready, Two columns, Wide blocks"
101,Easy Commerce,easy-commerce,200,46,2.3,3,Classic,2026-01-06,,https://wordpress.org/themes/easy-commerce/,,https://wordpress.org/themes/easy-commerce/,0,0,,,,,"Blog, Custom background, Custom colors, Custom logo, Custom menu, E-commerce, Featured images, Footer widgets, Full width template, Left sidebar, One column, Right sidebar, Theme options, Threaded comments, Three columns, Translation ready, Two columns"
102,Gurukul Education,gurukul-education,200,60,3.0,2,Gutenberg-compatible,2026-02-24,,https://wordpress.org/themes/gurukul-education/,,https://wordpress.org/themes/gurukul-education/,0,0,,,,,"Blog, Custom background, Custom colors, Custom header, Custom logo, Custom menu, Editor style, Education, Featured images, Footer widgets, Four columns, Full width template, Grid layout, Left sidebar, News, One column, RTL language support, Right sidebar, Sticky post, Threaded comments, Three columns, Translation ready, Two columns"
103,Panaroma,panaroma,200,52,2.6,5,Gutenberg-compatible,2026-03-05,,https://wordpress.org/themes/panaroma/,,https://wordpress.org/themes/panaroma/,0,0,,,,,"Custom background, Custom menu, Editor style, Featured images, Full width template, Left sidebar, Right sidebar, Theme options, Threaded comments, Two columns"
104,VW Spa Lite,vw-spa-lite,200,60,3.0,2,Gutenberg-ready,2026-03-02,,https://wordpress.org/themes/vw-spa-lite/,,https://wordpress.org/themes/vw-spa-lite/,0,0,,,,,"Block editor patterns, Block editor styles, Blog, BuddyPress, Custom background, Custom colors, Custom header, Custom logo, Custom menu, E-commerce, Editor style, Entertainment, Featured images, Flexible header, Footer widgets, Four columns, Full width template, Grid layout, Left sidebar, One column, Post formats, RTL language support, Right sidebar, Sticky post, Theme options, Threaded comments, Three columns, Translation ready, Two columns, Wide blocks"
105,Mediquip Plus,mediquip-plus,200,60,3.0,1,Gutenberg-ready,2026-03-05,,https://wordpress.org/themes/mediquip-plus/,,https://wordpress.org/themes/mediquip-plus/,0,0,,,,,"Blog, Custom background, Custom colors, Custom header, Custom logo, Custom menu, Editor style, Education, Featured images, Flexible header, Food & drink, Footer widgets, Four columns, Full width template, Grid layout, Left sidebar, One column, Post formats, RTL language support, Right sidebar, Sticky post, Theme options, Threaded comments, Three columns, Translation ready, Two columns, Wide blocks"
106,Creator World,creator-world,200,20,1.0,1,Gutenberg-compatible,2026-01-12,,https://wordpress.org/themes/creator-world/,,https://wordpress.org/themes/creator-world/,0,0,,,,,"Blog, Custom background, Custom colors, Custom header, Custom logo, Custom menu, Editor style, Featured images, Full width template, Right sidebar, Theme options, Threaded comments, Translation ready, Two columns"
107,upTown,uptown,200,60,3.0,2,Gutenberg-compatible,2025-12-25,,https://wordpress.org/themes/uptown/,,https://wordpress.org/themes/uptown/,0,0,,,,,"Custom background, Custom colors, Custom header, Custom menu, Editor style, Featured images, Full width template, Grid layout, Right sidebar, Sticky post, Threaded comments, Translation ready, Two columns"
108,SKT Bizness,skt-bizness,200,44,2.2,5,Gutenberg-compatible,2026-03-05,,https://wordpress.org/themes/skt-bizness/,,https://wordpress.org/themes/skt-bizness/,0,0,,,,,"Custom background, Custom menu, Editor style, Featured images, Full width template, One column, Right sidebar, Sticky post, Theme options, Threaded comments, Translation ready, Two columns"
109,Optimize,optimize,200,60,3.0,4,FSE,2024-11-13,,https://wordpress.org/themes/optimize/,,https://wordpress.org/themes/optimize/,1,0,,,2014-08-01,,"Block editor patterns, Block editor styles, Block themes, E-commerce, Editor style"
110,FSE Personal Blog,fse-personal-blog,100,20,1.0,1,FSE,2026-03-04,,https://wordpress.org/themes/fse-personal-blog/,,https://wordpress.org/themes/fse-personal-blog/,0,0,,,,,"Block editor patterns, Block editor styles, Block themes, Blog, Custom colors, Custom header, Custom logo, Custom menu, Editor style, Featured images, Footer widgets, Four columns, Full width template, Grid layout, Left sidebar, One column, Photography, Portfolio, RTL language support, Right sidebar, Sticky post, Style variations, Template editing, Threaded comments, Three columns, Translation ready, Two columns, Wide blocks"
111,Magty,magty,100,20,1.0,1,Gutenberg-ready,2025-05-29,,https://wordpress.org/themes/magty/,,https://wordpress.org/themes/magty/,1,0,8.1,High,2025-06-25,CWE-98,"Blog, Custom background, Custom colors, Custom header, Custom logo, Custom menu, Featured images, Footer widgets, Grid layout, Left sidebar, News, One column, Post formats, RTL language support, Right sidebar, Theme options, Threaded comments, Three columns, Translation ready, Two columns, Wide blocks"
112,FSE Home Decor,fse-home-decor,100,20,1.0,1,FSE,2026-03-13,,https://wordpress.org/themes/fse-home-decor/,,https://wordpress.org/themes/fse-home-decor/,0,0,,,,,"Block editor patterns, Block editor styles, Block themes, Blog, Custom background, Custom colors, Custom logo, Custom menu, E-commerce, Editor style, Featured images, Grid layout, Left sidebar, One column, Portfolio, RTL language support, Right sidebar, Sticky post, Style variations, Template editing, Threaded comments, Translation ready, Two columns, Wide blocks"
113,openmind,openmind,100,40,2.0,2,FSE,2025-01-12,,https://wordpress.org/themes/openmind/,,https://wordpress.org/themes/openmind/,0,0,,,,,"Block editor styles, Block themes, Custom header, Editor style, Featured images, Full width template, Grid layout, Portfolio, Style variations, Template editing"
114,WENS Agrovibe,wens-agrovibe,100,20,1.0,1,FSE,2025-02-05,wens-haelo,https://wordpress.org/themes/wens-agrovibe/,,https://wordpress.org/themes/wens-agrovibe/,0,0,,,,,"Block editor patterns, Block editor styles, Block themes, Blog, Custom colors, Custom logo, Custom menu, Editor style, Featured images, One column, Portfolio, Sticky post, Threaded comments, Translation ready, Wide blocks"
115,Studies,studies,100,20,1.0,1,FSE,2025-05-14,,https://wordpress.org/themes/studies/,,https://wordpress.org/themes/studies/,0,0,,,,,"Block editor patterns, Block themes, Blog, Custom background, Custom colors, Custom logo, Custom menu, E-commerce, Editor style, Education, Featured images, One column, RTL language support, Right sidebar, Sticky post, Threaded comments, Three columns, Two columns, Wide blocks"
116,Vegetable Gardening,vegetable-gardening,100,20,1.0,1,FSE,2026-03-23,,https://wordpress.org/themes/vegetable-gardening/,,https://wordpress.org/themes/vegetable-gardening/,0,0,,,,,"Block editor patterns, Block editor styles, Block themes, Blog, Custom background, Custom colors, Custom header, Custom logo, Custom menu, Editor style, Featured images, Food & drink, Full width template, Grid layout, Left sidebar, One column, Portfolio, RTL language support, Right sidebar, Sticky post, Template editing, Threaded comments, Translation ready, Two columns, Wide blocks"
117,Travel Booking Solutions,travel-booking-solutions,100,20,1.0,1,FSE,2026-03-15,,https://wordpress.org/themes/travel-booking-solutions/,,https://wordpress.org/themes/travel-booking-solutions/,0,0,,,,,"Block editor patterns, Block editor styles, Block themes, Custom background, Custom colors, Custom header, Custom logo, Custom menu, Editor style, Featured images, Footer widgets, Four columns, Full width template, Grid layout, Left sidebar, News, One column, Photography, Portfolio, RTL language support, Right sidebar, Sticky post, Style variations, Template editing, Threaded comments, Three columns, Translation ready, Two columns, Wide blocks"
118,VillaPress,villapress,100,20,1.0,1,Gutenberg-compatible,2026-03-23,aravalli,https://wordpress.org/themes/villapress/,,https://wordpress.org/themes/villapress/,0,0,,,,,"Blog, Custom background, Custom colors, Custom header, Custom logo, Custom menu, Editor style, Featured image header, Featured images, Flexible header, Food & drink, Footer widgets, Full width template, Grid layout, One column, Portfolio, Right sidebar, Sticky post, Theme options, Threaded comments, Translation ready, Two columns"
119,Message,message,100,60,3.0,2,FSE,2024-11-25,,https://wordpress.org/themes/message/,,https://wordpress.org/themes/message/,0,0,,,,,"Block editor patterns, Block themes, Custom colors, Custom header, Custom logo, Custom menu, Editor style, Featured images, Flexible header, Footer widgets, Front page posting, One column, Post formats, RTL language support, Style variations, Template editing, Theme options, Threaded comments, Translation ready"
120,Kubrick 2024,kubrick-2024,100,40,2.0,1,Gutenberg-ready,2024-04-05,,https://wordpress.org/themes/kubrick-2024/,,https://wordpress.org/themes/kubrick-2024/,0,0,,,,,"Block editor styles, Blog, Custom background, Custom colors, Custom header, Custom logo, Custom menu, Editor style, Featured images, Footer widgets, Left sidebar, One column, RTL language support, Right sidebar, Sticky post, Threaded comments, Translation ready, Wide blocks"
121,Movie Cinema Blocks,movie-cinema-blocks,100,46,2.3,3,FSE,2026-03-17,,https://wordpress.org/themes/movie-cinema-blocks/,,https://wordpress.org/themes/movie-cinema-blocks/,0,0,,,,,"Block editor patterns, Block editor styles, Block themes, Custom background, Custom colors, Custom header, Custom logo, Custom menu, Editor style, Entertainment, Footer widgets, Four columns, Full width template, Grid layout, Left sidebar, News, One column, Photography, RTL language support, Right sidebar, Sticky post, Template editing, Threaded comments, Three columns, Translation ready, Two columns, Wide blocks"
122,FSE Social NGO,fse-social-ngo,100,20,1.0,1,FSE,2026-03-24,,https://wordpress.org/themes/fse-social-ngo/,,https://wordpress.org/themes/fse-social-ngo/,0,0,,,,,"Block editor patterns, Block editor styles, Block themes, Blog, Custom background, Custom colors, Custom header, Custom logo, Custom menu, Editor style, Featured images, Full width template, Grid layout, Left sidebar, One column, Portfolio, RTL language support, Right sidebar, Sticky post, Style variations, Template editing, Threaded comments, Translation ready, Two columns, Wide blocks"
123,Elina Lite Portfolio Gallery,elina-lite-portfolio-gallery,100,20,1.0,1,Classic,2026-01-13,,https://wordpress.org/themes/elina-lite-portfolio-gallery/,,https://wordpress.org/themes/elina-lite-portfolio-gallery/,0,0,,,,,"Blog, Custom background, Custom logo, Custom menu, Featured image header, Featured images, Four columns, Grid layout, One column, Photography, Portfolio, Right sidebar, Sticky post, Theme options, Threaded comments, Three columns, Translation ready, Two columns"
124,Kindergarten Playschool,kindergarten-playschool,100,20,1.0,1,Gutenberg-ready,2026-03-19,,https://wordpress.org/themes/kindergarten-playschool/,,https://wordpress.org/themes/kindergarten-playschool/,0,0,,,,,"Block editor styles, Blog, Custom background, Custom colors, Custom header, Custom logo, Custom menu, Editor style, Education, Featured images, Flexible header, Four columns, Full width template, Grid layout, Left sidebar, One column, Portfolio, Post formats, Right sidebar, Sticky post, Theme options, Threaded comments, Three columns, Translation ready, Two columns, Wide blocks"
125,FSE Freelancer Portfolio,fse-freelancer-portfolio,100,20,1.0,1,FSE,2026-02-21,,https://wordpress.org/themes/fse-freelancer-portfolio/,,https://wordpress.org/themes/fse-freelancer-portfolio/,0,0,,,,,"Block editor patterns, Block editor styles, Block themes, Blog, Custom background, Custom header, Custom logo, Custom menu, Featured images, Footer widgets, Full width template, Left sidebar, One column, Photography, Portfolio, Right sidebar, Threaded comments, Translation ready, Two columns, Wide blocks"
126,Medical Elementor,medical-elementor,100,20,1.0,1,Gutenberg-ready,2025-01-05,,https://wordpress.org/themes/medical-elementor/,,https://wordpress.org/themes/medical-elementor/,0,0,,,,,"Blog, Custom background, Custom colors, Custom header, Custom logo, Custom menu, E-commerce, Editor style, Education, Entertainment, Featured image header, Featured images, Flexible header, Food & drink, Footer widgets, Four columns, Full width template, Grid layout, Holiday, Left sidebar, Microformats, News, One column, Portfolio, Post formats, RTL language support, Right sidebar, Sticky post, Style variations, Template editing, Theme options, Threaded comments, Three columns, Translation ready, Two columns, Wide blocks"
127,Entertainment Media,entertainment-media,100,20,1.0,1,Gutenberg-ready,2026-03-25,,https://wordpress.org/themes/entertainment-media/,,https://wordpress.org/themes/entertainment-media/,0,0,,,,,"Blog, Custom background, Custom colors, Custom header, Custom logo, Custom menu, Editor style, Entertainment, Featured image header, Featured images, Footer widgets, Four columns, Full width template, Grid layout, Left sidebar, One column, Photography, Post formats, Right sidebar, Sticky post, Theme options, Threaded comments, Three columns, Translation ready, Two columns, Wide blocks"
128,Recipes Blog,recipes-blog,100,20,1.0,1,Classic,2026-03-21,,https://wordpress.org/themes/recipes-blog/,,https://wordpress.org/themes/recipes-blog/,0,0,,,,,"Blog, Custom background, Custom colors, Custom header, Custom logo, Custom menu, E-commerce, Featured images, Flexible header, Food & drink, Footer widgets, Full width template, Grid layout, Left sidebar, One column, Post formats, RTL language support, Right sidebar, Sticky post, Theme options, Threaded comments, Translation ready, Two columns"
129,Cigma,cigma,100,60,3.0,1,FSE,2025-01-17,,https://wordpress.org/themes/cigma/,,https://wordpress.org/themes/cigma/,0,0,,,,,"Block editor patterns, Block themes, Blog, Custom background, Custom colors, Custom logo, Custom menu, E-commerce, Editor style, Featured images, One column, RTL language support, Right sidebar, Sticky post, Threaded comments, Three columns, Two columns, Wide blocks"
130,Mega Store Woocommerce,mega-store-woocommerce,100,20,1.0,1,Gutenberg-ready,2026-03-23,,https://wordpress.org/themes/mega-store-woocommerce/,,https://wordpress.org/themes/mega-store-woocommerce/,1,1,5.3,Medium,2026-02-19,CWE-862,"Custom background, Custom colors, Custom header, Custom logo, Custom menu, E-commerce, Editor style, Featured image header, Featured images, Flexible header, Food & drink, Footer widgets, Four columns, Full width template, Grid layout, Left sidebar, One column, Photography, Post formats, RTL language support, Right sidebar, Sticky post, Theme options, Threaded comments, Three columns, Translation ready, Two columns, Wide blocks"
131,Ogma,ogma,100,60,3.0,2,Classic,2025-06-12,,https://wordpress.org/themes/ogma/,,https://wordpress.org/themes/ogma/,0,0,,,,,"Blog, Custom background, Custom header, Custom logo, Custom menu, Entertainment, Featured images, Footer widgets, Four columns, Full width template, Left sidebar, News, One column, RTL language support, Right sidebar, Threaded comments, Three columns, Translation ready, Two columns"
132,Aster Storefront,aster-storefront,100,20,1.0,3,Classic,2026-03-24,,https://wordpress.org/themes/aster-storefront/,,https://wordpress.org/themes/aster-storefront/,0,0,,,,,"Blog, Custom background, Custom colors, Custom header, Custom logo, Custom menu, E-commerce, Featured images, Flexible header, Footer widgets, Full width template, Grid layout, Left sidebar, One column, Portfolio, Post formats, RTL language support, Right sidebar, Sticky post, Theme options, Threaded comments, Translation ready, Two columns"
133,Hotel Booking Lite,hotel-booking-lite,100,60,3.0,2,Gutenberg-ready,2026-03-18,,https://wordpress.org/themes/hotel-booking-lite/,,https://wordpress.org/themes/hotel-booking-lite/,0,0,,,,,"Block editor styles, Blog, Custom background, Custom colors, Custom header, Custom logo, Custom menu, Editor style, Featured images, Flexible header, Footer widgets, Full width template, Grid layout, Left sidebar, One column, Photography, Portfolio, Post formats, RTL language support, Right sidebar, Sticky post, Theme options, Threaded comments, Two columns, Wide blocks"
134,Novel Writer,novel-writer,100,20,1.0,1,FSE,2026-03-23,,https://wordpress.org/themes/novel-writer/,,https://wordpress.org/themes/novel-writer/,0,0,,,,,"Block editor patterns, Block editor styles, Block themes, Blog, Custom background, Custom colors, Custom header, Custom logo, Custom menu, Editor style, Featured images, Full width template, Grid layout, Left sidebar, News, One column, Portfolio, RTL language support, Right sidebar, Sticky post, Style variations, Template editing, Threaded comments, Translation ready, Two columns, Wide blocks"
135,Car Repair,car-repair,100,20,1.0,1,Gutenberg-ready,2026-03-09,automobile-hub,https://wordpress.org/themes/car-repair/,,https://wordpress.org/themes/car-repair/,0,0,,,,,"Block editor styles, Blog, Custom background, Custom colors, Custom header, Custom logo, Custom menu, E-commerce, Editor style, Featured image header, Featured images, Flexible header, Footer widgets, Four columns, Full width template, Grid layout, Left sidebar, One column, Photography, Post formats, RTL language support, Right sidebar, Sticky post, Theme options, Threaded comments, Three columns, Translation ready, Two columns, Wide blocks"
136,Beauty Hair Salon,beauty-hair-salon,100,20,1.0,1,Gutenberg-ready,2026-03-04,beauty-salon-spa,https://wordpress.org/themes/beauty-hair-salon/,,https://wordpress.org/themes/beauty-hair-salon/,0,0,,,,,"Block editor styles, Blog, Custom background, Custom colors, Custom header, Custom logo, Custom menu, Editor style, Featured image header, Featured images, Flexible header, Footer widgets, Four columns, Full width template, Grid layout, Left sidebar, One column, Photography, Portfolio, Post formats, RTL language support, Right sidebar, Sticky post, Theme options, Threaded comments, Three columns, Translation ready, Two columns, Wide blocks"
137,Classic Bakery,classic-bakery,100,60,3.0,2,Gutenberg-ready,2026-03-11,,https://wordpress.org/themes/classic-bakery/,,https://wordpress.org/themes/classic-bakery/,0,0,,,,,"Blog, Custom background, Custom colors, Custom header, Custom logo, Custom menu, E-commerce, Editor style, Featured images, Flexible header, Food & drink, Footer widgets, Four columns, Full width template, Grid layout, Left sidebar, One column, Post formats, RTL language support, Right sidebar, Sticky post, Theme options, Threaded comments, Three columns, Translation ready, Two columns, Wide blocks"
138,Ovation Health Blog,ovation-health-blog,100,20,1.0,1,Gutenberg-ready,2026-02-09,ovation-blog,https://wordpress.org/themes/ovation-health-blog/,,https://wordpress.org/themes/ovation-health-blog/,0,0,,,,,"Block editor styles, Blog, Custom background, Custom colors, Custom header, Custom logo, Custom menu, Editor style, Featured image header, Featured images, Flexible header, Footer widgets, Four columns, Full width template, Grid layout, Left sidebar, One column, Photography, Portfolio, Post formats, RTL language support, Right sidebar, Sticky post, Theme options, Threaded comments, Three columns, Translation ready, Two columns, Wide blocks"
139,Bakery Cafe,bakery-cafe,100,20,1.0,1,Gutenberg-ready,2026-03-26,,https://wordpress.org/themes/bakery-cafe/,,https://wordpress.org/themes/bakery-cafe/,0,0,,,,,"Blog, Custom background, Custom colors, Custom header, Custom logo, Custom menu, E-commerce, Editor style, Featured image header, Featured images, Flexible header, Food & drink, Footer widgets, Four columns, Full width template, Grid layout, Left sidebar, One column, Post formats, RTL language support, Right sidebar, Sticky post, Theme options, Threaded comments, Three columns, Translation ready, Two columns, Wide blocks"
140,Unos News,unos-news,100,60,3.0,2,Gutenberg-ready,2026-01-07,unos,https://wordpress.org/themes/unos-news/,,https://wordpress.org/themes/unos-news/,0,0,,,,,"Block editor styles, Blog, Custom background, Custom colors, Custom header, Custom logo, Custom menu, Entertainment, Featured images, Footer widgets, Full width template, Grid layout, Left sidebar, Microformats, News, One column, Right sidebar, Sticky post, Theme options, Threaded comments, Three columns, Translation ready, Two columns, Wide blocks"
141,Art Gallery Museum,art-gallery-museum,100,20,1.0,1,Gutenberg-ready,2026-03-14,,https://wordpress.org/themes/art-gallery-museum/,,https://wordpress.org/themes/art-gallery-museum/,0,0,,,,,"Block editor patterns, Block editor styles, Custom background, Custom header, Custom logo, Custom menu, E-commerce, Editor style, Featured images, Flexible header, Footer widgets, Full width template, Grid layout, Left sidebar, One column, Photography, Portfolio, RTL language support, Right sidebar, Sticky post, Theme options, Threaded comments, Two columns, Wide blocks"
142,Blakely Light,blakely-light,100,20,1.0,1,Gutenberg-compatible,2025-12-09,blakely,https://wordpress.org/themes/blakely-light/,,https://wordpress.org/themes/blakely-light/,0,0,,,,,"Blog, Custom background, Custom header, Custom logo, Custom menu, Editor style, Entertainment, Featured image header, Featured images, Flexible header, Footer widgets, Grid layout, Microformats, One column, Portfolio, Post formats, RTL language support, Right sidebar, Sticky post, Theme options, Threaded comments, Translation ready, Two columns"
143,Medical Clinic Lite,medical-clinic-lite,100,40,2.0,1,Gutenberg-ready,2026-03-24,,https://wordpress.org/themes/medical-clinic-lite/,,https://wordpress.org/themes/medical-clinic-lite/,0,0,,,,,"Blog, Custom background, Custom colors, Custom header, Custom logo, Custom menu, Editor style, Education, Featured images, Flexible header, Food & drink, Footer widgets, Four columns, Full width template, Grid layout, Left sidebar, One column, Post formats, RTL language support, Right sidebar, Sticky post, Theme options, Threaded comments, Three columns, Translation ready, Two columns, Wide blocks"
144,Elemento IT Solutions,elemento-it-solutions,100,20,1.0,1,Gutenberg-ready,2026-03-27,,https://wordpress.org/themes/elemento-it-solutions/,,https://wordpress.org/themes/elemento-it-solutions/,0,0,,,,,"Blog, Custom background, Custom colors, Custom header, Custom logo, Custom menu, Editor style, Education, Featured images, Flexible header, Footer widgets, Four columns, Full width template, Grid layout, Left sidebar, One column, Portfolio, RTL language support, Right sidebar, Sticky post, Theme options, Threaded comments, Three columns, Translation ready, Two columns, Wide blocks"
145,Psychologist Therapy,psychologist-therapy,100,40,2.0,1,Gutenberg-ready,2026-03-22,,https://wordpress.org/themes/psychologist-therapy/,,https://wordpress.org/themes/psychologist-therapy/,0,0,,,,,"Blog, Custom background, Custom colors, Custom header, Custom logo, Custom menu, Editor style, Education, Featured image header, Featured images, Food & drink, Footer widgets, Four columns, Full width template, Grid layout, Left sidebar, One column, Post formats, Right sidebar, Theme options, Threaded comments, Three columns, Translation ready, Two columns, Wide blocks"
146,Computer Repair Shop,computer-repair-shop,100,60,3.0,2,Gutenberg-compatible,2026-03-09,,https://wordpress.org/themes/computer-repair-shop/,,https://wordpress.org/themes/computer-repair-shop/,0,0,,,,,"Blog, Custom background, Custom colors, Custom header, Custom logo, Custom menu, E-commerce, Editor style, Featured images, Flexible header, Footer widgets, Full width template, Grid layout, Left sidebar, One column, Portfolio, Right sidebar, Sticky post, Theme options, Threaded comments, Two columns"
147,Internet Provider,internet-provider,100,60,3.0,2,Gutenberg-ready,2026-02-26,,https://wordpress.org/themes/internet-provider/,,https://wordpress.org/themes/internet-provider/,0,0,,,,,"Blog, Custom background, Custom colors, Custom header, Custom logo, Custom menu, E-commerce, Editor style, Education, Featured images, Flexible header, Footer widgets, Four columns, Full width template, Grid layout, Left sidebar, One column, Post formats, RTL language support, Right sidebar, Sticky post, Theme options, Threaded comments, Three columns, Translation ready, Two columns, Wide blocks"
148,Secure,secure,100,20,1.0,1,Classic,2025-06-30,,https://wordpress.org/themes/secure/,,https://wordpress.org/themes/secure/,0,0,,,,,"Blog, Custom background, Custom header, Custom logo, Custom menu, E-commerce, Featured images, Full width template, One column, Right sidebar, Theme options, Threaded comments, Two columns"
149,Palm Healing Lite,palm-healing-lite,100,40,2.0,1,Gutenberg-compatible,2026-03-04,,https://wordpress.org/themes/palm-healing-lite/,,https://wordpress.org/themes/palm-healing-lite/,0,0,,,,,"Blog, Custom background, Custom colors, Custom header, Custom logo, Custom menu, E-commerce, Editor style, Featured images, Footer widgets, Full width template, Portfolio, RTL language support, Right sidebar, Sticky post, Theme options, Threaded comments, Translation ready, Two columns"
150,Educational Zone,educational-zone,100,60,3.0,2,Gutenberg-ready,2026-03-10,,https://wordpress.org/themes/educational-zone/,,https://wordpress.org/themes/educational-zone/,0,0,,,,,"Block editor styles, Blog, Custom background, Custom colors, Custom header, Custom logo, Custom menu, E-commerce, Editor style, Education, Featured image header, Featured images, Flexible header, Footer widgets, Full width template, Grid layout, Left sidebar, One column, Post formats, RTL language support, Right sidebar, Sticky post, Theme options, Threaded comments, Two columns, Wide blocks"
151,Almighty,almighty,100,60,3.0,1,Classic,2026-02-15,,https://wordpress.org/themes/almighty/,,https://wordpress.org/themes/almighty/,0,0,,,,,"Blog, Custom background, Custom logo, Custom menu, Entertainment, Featured image header, Featured images, Left sidebar, News, RTL language support, Right sidebar, Threaded comments, Translation ready, Two columns"
152,Restaurant Food Delivery,restaurant-food-delivery,100,60,3.0,1,Gutenberg-ready,2026-03-22,,https://wordpress.org/themes/restaurant-food-delivery/,,https://wordpress.org/themes/restaurant-food-delivery/,0,0,,,,,"Custom background, Custom colors, Custom header, Custom logo, Custom menu, E-commerce, Editor style, Featured image header, Featured images, Flexible header, Food & drink, Footer widgets, Four columns, Full width template, Grid layout, Left sidebar, One column, Photography, Post formats, RTL language support, Right sidebar, Sticky post, Theme options, Threaded comments, Three columns, Translation ready, Two columns, Wide blocks"
153,TA Newspaper,ta-newspaper,100,60,3.0,1,Classic,2025-03-28,,https://wordpress.org/themes/ta-newspaper/,,https://wordpress.org/themes/ta-newspaper/,0,0,,,,,"Blog, Custom background, Custom header, Custom logo, Custom menu, Education, Featured images, Grid layout, Left sidebar, News, Right sidebar, Threaded comments, Three columns, Translation ready, Two columns"
154,Belleza,belleza,100,40,2.0,1,Classic,2025-05-14,,https://wordpress.org/themes/belleza/,,https://wordpress.org/themes/belleza/,0,0,,,,,"Blog, Custom background, Custom header, Custom logo, Custom menu, E-commerce, Featured images, Full width template, Portfolio, Right sidebar, Theme options, Threaded comments"
155,Swing Lite,swing-lite,100,60,3.0,2,Gutenberg-compatible,2025-06-11,,https://wordpress.org/themes/swing-lite/,,https://wordpress.org/themes/swing-lite/,6,2,8.8,High,2022-04-18,CWE-285; CWE-352; CWE-434; CWE-912,"Custom colors, Custom logo, Custom menu, E-commerce, Editor style, Featured images, Food & drink, Grid layout, Holiday, Right sidebar, Threaded comments, Translation ready"
156,Academic Education,academic-education,100,20,1.0,1,Gutenberg-ready,2026-03-12,,https://wordpress.org/themes/academic-education/,,https://wordpress.org/themes/academic-education/,0,0,,,,,"Blog, Custom background, Custom colors, Custom header, Custom logo, Custom menu, E-commerce, Editor style, Education, Featured images, Flexible header, Footer widgets, Four columns, Full width template, Grid layout, Left sidebar, One column, Post formats, RTL language support, Right sidebar, Sticky post, Theme options, Threaded comments, Three columns, Translation ready, Two columns, Wide blocks"
157,Charity Help Lite,charity-help-lite,100,60,3.0,1,Gutenberg-compatible,2026-03-15,,https://wordpress.org/themes/charity-help-lite/,,https://wordpress.org/themes/charity-help-lite/,0,0,,,,,"Blog, Custom background, Custom colors, Custom header, Custom logo, Custom menu, Editor style, Featured images, Full width template, Right sidebar, Theme options, Threaded comments, Translation ready, Two columns"
158,News Box Free,news-box-free,100,60,3.0,2,Gutenberg-ready,2026-01-04,news-box,https://wordpress.org/themes/news-box-free/,,https://wordpress.org/themes/news-box-free/,0,0,,,,,"Block editor styles, Blog, Custom background, Custom header, Custom logo, Custom menu, Education, Featured image header, Featured images, Flexible header, Full width template, Grid layout, News, One column, Right sidebar, Sticky post, Threaded comments, Translation ready, Two columns"
159,VW Magazine,vw-magazine,100,60,3.0,2,Gutenberg-ready,2026-03-05,,https://wordpress.org/themes/vw-magazine/,,https://wordpress.org/themes/vw-magazine/,0,0,,,,,"Block editor patterns, Block editor styles, Blog, Custom background, Custom colors, Custom header, Custom logo, Custom menu, E-commerce, Editor style, Featured images, Flexible header, Footer widgets, Four columns, Full width template, Grid layout, Left sidebar, One column, Portfolio, Post formats, RTL language support, Right sidebar, Sticky post, Theme options, Threaded comments, Three columns, Translation ready, Two columns, Wide blocks"
160,Blush,blush,100,20,1.0,1,Gutenberg-ready,2026-03-09,aneeq,https://wordpress.org/themes/blush/,,https://wordpress.org/themes/blush/,0,0,,,,,"Block editor styles, Blog, Custom background, Custom colors, Custom logo, Custom menu, Featured images, Flexible header, Footer widgets, Full width template, Left sidebar, News, One column, Portfolio, Post formats, RTL language support, Right sidebar, Sticky post, Theme options, Threaded comments, Three columns, Translation ready, Two columns, Wide blocks"
161,Bakers Lite,bakers-lite,100,40,2.0,4,Gutenberg-compatible,2026-03-05,,https://wordpress.org/themes/bakers-lite/,,https://wordpress.org/themes/bakers-lite/,0,0,,,,,"Blog, Custom background, Custom colors, Custom header, Custom logo, Custom menu, E-commerce, Editor style, Featured images, Food & drink, Right sidebar, Sticky post, Theme options, Threaded comments, Two columns"
162,Business Roy,business-roy,100,40,2.0,1,Gutenberg-ready,2025-12-20,,https://wordpress.org/themes/business-roy/,,https://wordpress.org/themes/business-roy/,1,1,,,2026-02-19,,"Block editor patterns, Block editor styles, Custom background, Custom colors, Custom header, Custom logo, Custom menu, Editor style, Education, Featured images, Footer widgets, Left sidebar, One column, Portfolio, Post formats, RTL language support, Right sidebar, Sticky post, Theme options, Translation ready, Two columns"
163,Hairstyle,hairstyle,100,60,3.0,2,Gutenberg-compatible,2025-06-24,,https://wordpress.org/themes/hairstyle/,,https://wordpress.org/themes/hairstyle/,0,0,,,,,"Custom background, Custom menu, E-commerce, Editor style, Featured images, Full width template, One column, Right sidebar, Sticky post, Theme options, Threaded comments, Translation ready, Two columns"
164,Best News,best-news,100,60,3.0,2,Classic,2025-01-02,,https://wordpress.org/themes/best-news/,,https://wordpress.org/themes/best-news/,0,0,,,,,"Blog, Custom background, Custom colors, Custom header, Custom logo, Custom menu, Entertainment, Featured image header, Featured images, Footer widgets, Grid layout, Left sidebar, News, One column, Right sidebar, Theme options, Threaded comments, Three columns, Two columns"
165,VW Photography,vw-photography,100,60,3.0,2,Gutenberg-ready,2026-03-06,,https://wordpress.org/themes/vw-photography/,,https://wordpress.org/themes/vw-photography/,1,1,,,2026-03-13,,"Block editor patterns, Block editor styles, Blog, Custom background, Custom colors, Custom header, Custom logo, Custom menu, E-commerce, Editor style, Featured images, Flexible header, Footer widgets, Four columns, Full width template, Grid layout, Left sidebar, One column, Portfolio, Post formats, RTL language support, Right sidebar, Sticky post, Theme options, Threaded comments, Three columns, Translation ready, Two columns, Wide blocks"
166,Petlove,petlove,100,40,2.0,1,Classic,2025-06-02,,https://wordpress.org/themes/petlove/,,https://wordpress.org/themes/petlove/,0,0,,,,,"Blog, Custom background, Custom header, Custom logo, Custom menu, E-commerce, Entertainment, Featured images, Full width template, Right sidebar, Theme options, Threaded comments"
167,Hexagon,hexagon,100,46,2.3,3,Gutenberg-compatible,2026-03-09,,https://wordpress.org/themes/hexagon/,,https://wordpress.org/themes/hexagon/,0,0,,,,,"Blog, Custom background, Custom colors, Custom header, Custom logo, Custom menu, E-commerce, Editor style, Featured images, Footer widgets, Full width template, Grid layout, Left sidebar, One column, Portfolio, RTL language support, Right sidebar, Threaded comments, Translation ready, Two columns"
168,Advance Education,advance-education,100,60,3.0,2,Gutenberg-ready,2026-02-25,,https://wordpress.org/themes/advance-education/,,https://wordpress.org/themes/advance-education/,0,0,,,,,"Block editor patterns, Block editor styles, Blog, Custom background, Custom colors, Custom header, Custom logo, Custom menu, E-commerce, Editor style, Education, Featured images, Flexible header, Footer widgets, Four columns, Full width template, Grid layout, Left sidebar, One column, Post formats, RTL language support, Right sidebar, Theme options, Threaded comments, Three columns, Translation ready, Two columns, Wide blocks"
169,Justice,justice,100,60,3.0,2,Gutenberg-compatible,2025-09-24,,https://wordpress.org/themes/justice/,,https://wordpress.org/themes/justice/,0,0,,,,,"Blog, Custom background, Custom header, Custom logo, Custom menu, Editor style, Education, Featured images, Full width template, One column, Right sidebar, Sticky post, Theme options, Threaded comments, Translation ready, Two columns"
170,Photography Blog,photography-blog,100,54,2.7,3,Classic,2026-02-15,,https://wordpress.org/themes/photography-blog/,,https://wordpress.org/themes/photography-blog/,0,0,,,,,"Blog, Custom background, Custom logo, Custom menu, Featured image header, Featured images, Left sidebar, News, Photography, RTL language support, Right sidebar, Threaded comments, Translation ready, Two columns"
171,BlogStart,blogstart,100,20,1.0,1,Gutenberg-ready,2024-04-09,,https://wordpress.org/themes/blogstart/,,https://wordpress.org/themes/blogstart/,0,0,,,,,"Block editor styles, Blog, Custom background, Custom colors, Custom header, Custom logo, Custom menu, E-commerce, Editor style, Featured image header, Featured images, Flexible header, Footer widgets, Front page posting, Full width template, Grid layout, Left sidebar, News, One column, Post formats, Right sidebar, Sticky post, Theme options, Threaded comments, Translation ready, Two columns, Wide blocks"
172,Build Lite,build-lite,100,56,2.8,6,Classic,2026-03-05,,https://wordpress.org/themes/build-lite/,,https://wordpress.org/themes/build-lite/,0,0,,,,,"Custom background, Custom colors, Custom menu, One column, Right sidebar, Sticky post, Theme options, Threaded comments, Two columns"
173,Nutrigen,nutrigen,100,20,1.0,1,Classic,2025-10-01,,https://wordpress.org/themes/nutrigen/,,https://wordpress.org/themes/nutrigen/,0,0,,,,,"Blog, Custom background, Custom header, Custom logo, Custom menu, Featured images, Food & drink, Full width template, Right sidebar, Theme options, Threaded comments"
174,SKT Yogi Lite,skt-yogi-lite,100,40,2.0,1,Gutenberg-compatible,2026-03-05,,https://wordpress.org/themes/skt-yogi-lite/,,https://wordpress.org/themes/skt-yogi-lite/,0,0,,,,,"Blog, Custom background, Custom colors, Custom header, Custom logo, Custom menu, E-commerce, Editor style, Featured images, Footer widgets, Full width template, Portfolio, RTL language support, Right sidebar, Sticky post, Theme options, Threaded comments, Translation ready, Two columns"
175,Sanitorium,sanitorium,100,60,3.0,2,Gutenberg-compatible,2025-06-30,,https://wordpress.org/themes/sanitorium/,,https://wordpress.org/themes/sanitorium/,0,0,,,,,"Blog, Custom background, Custom header, Custom menu, Editor style, Education, Featured images, Full width template, One column, Right sidebar, Sticky post, Threaded comments, Translation ready, Two columns"
176,SKT Design Agency,skt-design-agency,100,60,3.0,2,Classic,2026-03-05,,https://wordpress.org/themes/skt-design-agency/,,https://wordpress.org/themes/skt-design-agency/,0,0,,,,,"Blog, Custom background, Custom colors, Custom menu, Education, News, Right sidebar, Sticky post, Theme options, Threaded comments, Translation ready, Two columns"
177,ARzine,arzine,100,20,1.0,2,Classic,2025-12-08,busiprof,https://wordpress.org/themes/arzine/,,https://wordpress.org/themes/arzine/,0,0,,,,,"Accessibility ready, Blog, Custom menu, E-commerce, Education, Featured images, Footer widgets, Full width template, Grid layout, One column, Right sidebar, Sticky post, Theme options, Threaded comments, Translation ready, Two columns"
178,SKT Wedding Lite,skt-wedding-lite,100,20,1.0,1,Classic,2026-03-05,,https://wordpress.org/themes/skt-wedding-lite/,,https://wordpress.org/themes/skt-wedding-lite/,0,0,,,,,"Custom background, Custom colors, Custom menu, One column, Right sidebar, Sticky post, Theme options, Threaded comments, Two columns"
179,Restaurant Lite,restaurant-lite,100,40,2.0,4,Classic,2026-03-05,,https://wordpress.org/themes/restaurant-lite/,,https://wordpress.org/themes/restaurant-lite/,0,0,,,,,"Custom background, Custom colors, Custom menu, One column, Right sidebar, Sticky post, Theme options, Threaded comments, Two columns"
180,SKT Cutsnstyle Lite,skt-cutsnstyle-lite,100,46,2.3,3,Classic,2026-03-05,,https://wordpress.org/themes/skt-cutsnstyle-lite/,,https://wordpress.org/themes/skt-cutsnstyle-lite/,0,0,,,,,"Custom background, Custom colors, Custom menu, One column, Right sidebar, Sticky post, Theme options, Threaded comments, Two columns"
181,SKT Photo World,skt-photo-world,100,60,3.0,4,Gutenberg-compatible,2026-03-05,,https://wordpress.org/themes/skt-photo-world/,,https://wordpress.org/themes/skt-photo-world/,0,0,,,,,"Custom background, Custom menu, Editor style, Featured images, Left sidebar, Right sidebar, Theme options, Threaded comments, Two columns"
182,fART,fart,100,20,1.0,2,Classic,2025-12-10,,https://wordpress.org/themes/fart/,,https://wordpress.org/themes/fart/,0,0,,,,,"Blog, Custom background, Custom colors, Custom header, Custom logo, Custom menu, Entertainment, Featured images, Footer widgets, Front page posting, Full width template, Photography, Post formats, Right sidebar, Theme options, Threaded comments, Translation ready, Two columns"
183,Fitness Lite,fitness-lite,100,60,3.0,5,Classic,2026-03-05,,https://wordpress.org/themes/fitness-lite/,,https://wordpress.org/themes/fitness-lite/,0,0,,,,,"Custom background, Custom colors, Custom menu, One column, Right sidebar, Sticky post, Theme options, Threaded comments, Two columns"
184,fTourism,ftourism,100,20,1.0,1,Classic,2025-12-10,,https://wordpress.org/themes/ftourism/,,https://wordpress.org/themes/ftourism/,0,0,,,,,"Blog, Custom background, Custom colors, Custom header, Custom logo, Custom menu, Entertainment, Featured images, Footer widgets, Front page posting, Full width template, Holiday, Post formats, Right sidebar, Sticky post, Theme options, Threaded comments, Translation ready, Two columns"
185,SKT BeFit,skt-befit,100,60,3.0,2,Classic,2026-03-05,,https://wordpress.org/themes/skt-befit/,,https://wordpress.org/themes/skt-befit/,0,0,,,,,"Custom background, Custom colors, Custom header, Custom menu, Featured images, Full width template, Right sidebar, Sticky post, Theme options, Threaded comments, Two columns"
186,D5 CORPORATE LITE,d5-corporate-lite,100,60,3.0,2,Classic,2026-03-13,,https://wordpress.org/themes/d5-corporate-lite/,,https://wordpress.org/themes/d5-corporate-lite/,0,0,,,,,"Blog, Custom background, Custom header, Custom menu, Education, Full width template, Portfolio, Right sidebar, Sticky post, Theme options, Threaded comments, Translation ready, Two columns"
